V1	V2	V3	V4	V5	V6	V7	V8	V9	V10	V11	V12	V13	V14	V15	V16
6	rs75331082	103398770	C	T	0.972	0.974	0.968	-0.0694036701388791	0.0263	0.008431	0	+?+--+++-??--++--++++++++++????-++++++--+??--++-++--?+++-++--+--++-++?-+-++++++--+-+-+-+-+	56139	79824	61433.52
6	rs11551356	101931434	A	G	0.948	0.944	0.957	0.0384992991506098	0.0177	0.02907	0	-+++-+-++++-++++++++--+-----+-+---+-++--+-?+++-++++--+-+++-+++-++-++++++-+++---+-++-+--++-	66400	93015	72178.92
6	rs34524601	103544073	G	A	0.905	0.912	0.978	-0.0312017511432645	0.0136	0.02155	1	++--++++--++++++-++++--++-+++-++--+--+---+---++++-++-+++--++-+++++-+------+-+++-++-+++-+-+	67390	94015	73173.9
6	rs28565400	103543687	C	T	0.215	0.208	0.967	0.0221038989069263	0.0097	0.023	0	-+-++-----++++++--+-------+-----+---+----+--++-+-+---++++++--++---+-++-+-----++-+-+--+----	67390	94015	73173.9
6	rs28491506	103543797	T	C	0.216	0.208	0.968	0.0223972974420383	0.0097	0.02122	0	+-+--+++++------++-+++++++-+++++++++-++++-++--+-+-+++------++--+++-+--+-+++++--+-+-++-++++	67390	94015	73173.9
6	rs4743355	102249387	A	C	0.646	0.649	0.996	-0.0214994661132367	0.008	0.007464	0	-+-++-------+----++++-++++++-+---++++-+--+-+-++++------++-++-+----++--++---++----+--+---++	67390	94015	73173.9
6	rs6951651	103543903	G	C	0.548	0.553	0.99	0.0202045073158995	0.0081	0.01276	19	+--+---+--++------+-+-+--+++--+++-++--+----+-++--++-+++---+--+-+------+-----+++-++-----+++	67390	94015	73173.9
6	rs6951845	103544061	G	A	0.549	0.553	0.99	0.0202045073158995	0.0081	0.01305	16	+--+---+--++------+-+-+--+++--+++-++--+----+-++--++-+++---+--+-+------+-----+++-++-----+++	67390	94015	73173.9
6	rs9390698	101296389	G	A	0.592	0.585	0.997	0.0200967016991224	0.0079	0.01089	58	---++--++-+--+--++-----++-++-+-+-+-++-++-++++++----++--------+------+-+---+++++---+---+---	67390	94015	73173.9
